Index,DATE TIME,Temp,On/off
11,20/04/2018 00:03:01,61.09756098,0
11,20/04/2018 00:04:02,61.2195122,0
11,20/04/2018 00:05:02,61.2195122,0
11,20/04/2018 00:06:02,61.09756098,0
11,20/04/2018 00:07:01,61.09756098,0
11,20/04/2018 00:08:02,61.09756098,0
11,20/04/2018 00:09:02,61.2195122,0
11,20/04/2018 00:10:01,61.09756098,0
11,20/04/2018 00:11:02,61.09756098,0
11,20/04/2018 00:12:02,60.97560976,0
11,20/04/2018 00:13:02,60.97560976,0
11,20/04/2018 00:14:01,60.97560976,0
11,20/04/2018 00:15:02,60.97560976,0
11,20/04/2018 00:16:02,61.09756098,0
11,20/04/2018 00:17:02,61.09756098,0
11,20/04/2018 00:18:01,61.09756098,0
11,20/04/2018 00:19:01,60.97560976,0
11,20/04/2018 00:20:02,60.85365854,0
11,20/04/2018 00:21:02,60.97560976,0
11,20/04/2018 00:22:02,60.97560976,0
11,20/04/2018 00:23:02,60.85365854,0
11,20/04/2018 00:24:02,60.97560976,0
11,20/04/2018 00:25:01,60.85365854,0
11,20/04/2018 00:26:02,60.85365854,0
11,20/04/2018 00:27:02,60.85365854,0
11,20/04/2018 00:28:02,60.85365854,0
11,20/04/2018 00:29:02,60.85365854,0
11,20/04/2018 00:30:02,60.85365854,0
11,20/04/2018 00:31:02,60.85365854,0
11,20/04/2018 00:32:02,60.73170732,0
11,20/04/2018 00:33:02,60.73170732,0
11,20/04/2018 00:34:02,60.73170732,0
11,20/04/2018 00:35:02,60.73170732,0
11,20/04/2018 00:36:02,60.85365854,0
11,20/04/2018 00:37:02,60.73170732,0
11,20/04/2018 00:38:02,60.85365854,0
11,20/04/2018 00:39:02,60.73170732,0
11,20/04/2018 00:40:02,60.6097561,0
11,20/04/2018 00:41:02,60.6097561,0
11,20/04/2018 00:42:02,60.6097561,0
11,20/04/2018 00:43:03,60.73170732,0
11,20/04/2018 00:44:02,60.73170732,0
11,20/04/2018 00:45:02,60.73170732,0
11,20/04/2018 00:46:02,60.6097561,0
11,20/04/2018 00:47:02,60.73170732,0
11,20/04/2018 00:48:02,60.6097561,0
11,20/04/2018 00:49:02,60.73170732,0
11,20/04/2018 00:50:02,60.6097561,0
11,20/04/2018 00:51:02,60.48780488,0
11,20/04/2018 00:52:02,60.48780488,0
11,20/04/2018 00:53:02,60.6097561,0
11,20/04/2018 00:54:02,60.6097561,0
11,20/04/2018 00:55:03,60.48780488,0
11,20/04/2018 00:56:02,60.48780488,0
11,20/04/2018 00:57:02,60.6097561,0
11,20/04/2018 00:58:02,60.48780488,0
11,20/04/2018 00:59:02,60.48780488,0
11,20/04/2018 01:00:02,60.6097561,0
11,20/04/2018 01:01:02,60.48780488,0
11,20/04/2018 01:02:03,60.48780488,0
11,20/04/2018 01:03:02,60.36585366,0
11,20/04/2018 01:04:03,60.48780488,0
11,20/04/2018 01:05:02,60.48780488,0
11,20/04/2018 01:06:02,60.48780488,0
11,20/04/2018 01:07:03,60.36585366,0
11,20/04/2018 01:08:02,60.36585366,0
11,20/04/2018 01:09:03,60.36585366,0
11,20/04/2018 01:10:02,60.36585366,0
11,20/04/2018 01:11:03,60.36585366,0
11,20/04/2018 01:12:03,60.24390244,0
11,20/04/2018 01:13:02,60.24390244,0
11,20/04/2018 01:14:02,60.36585366,0
11,20/04/2018 01:15:02,60.36585366,0
11,20/04/2018 01:16:02,60.24390244,0
11,20/04/2018 01:17:03,60.24390244,0
11,20/04/2018 01:18:02,60.24390244,0
11,20/04/2018 01:19:03,60.24390244,0
11,20/04/2018 01:20:02,60.24390244,0
11,20/04/2018 01:21:03,60.24390244,0
11,20/04/2018 01:22:02,60.36585366,0
11,20/04/2018 01:23:02,60.12195122,0
11,20/04/2018 01:24:03,60.24390244,0
11,20/04/2018 01:25:02,60.12195122,0
11,20/04/2018 01:26:03,60.12195122,0
11,20/04/2018 01:27:02,60.12195122,0
11,20/04/2018 01:28:02,60.12195122,0
11,20/04/2018 01:29:03,60.12195122,0
11,20/04/2018 01:30:03,60,0
11,20/04/2018 01:31:03,60.12195122,0
11,20/04/2018 01:32:02,60,0
11,20/04/2018 01:33:03,60,0
11,20/04/2018 01:34:03,60,0
11,20/04/2018 01:35:02,60,0
11,20/04/2018 01:36:03,60,0
11,20/04/2018 01:37:02,59.87804878,0
11,20/04/2018 01:38:03,60,0
11,20/04/2018 01:39:03,59.87804878,0
11,20/04/2018 01:40:03,60,0
11,20/04/2018 01:41:03,59.87804878,0
11,20/04/2018 01:42:02,60,0
11,20/04/2018 01:43:03,59.87804878,0
11,20/04/2018 01:44:03,59.87804878,0
11,20/04/2018 01:45:03,59.87804878,0
11,20/04/2018 01:46:03,59.87804878,0
11,20/04/2018 01:47:03,60,0
11,20/04/2018 01:48:03,59.87804878,0
11,20/04/2018 01:49:03,59.87804878,0
11,20/04/2018 01:50:02,59.87804878,0
11,20/04/2018 01:51:03,59.75609756,0
11,20/04/2018 01:52:03,59.87804878,0
11,20/04/2018 01:53:03,59.75609756,0
11,20/04/2018 01:54:03,59.75609756,0
11,20/04/2018 01:55:03,59.75609756,0
11,20/04/2018 01:56:03,59.75609756,0
11,20/04/2018 01:57:02,59.75609756,0
11,20/04/2018 01:58:03,59.75609756,0
11,20/04/2018 01:59:03,59.63414634,0
11,20/04/2018 02:00:03,59.75609756,0
11,20/04/2018 02:01:03,59.75609756,0
11,20/04/2018 02:02:03,59.63414634,0
11,20/04/2018 02:03:03,59.75609756,0
11,20/04/2018 02:04:03,59.63414634,0
11,20/04/2018 02:05:03,59.51219512,0
11,20/04/2018 02:06:03,59.51219512,0
11,20/04/2018 02:07:03,59.75609756,0
11,20/04/2018 02:08:03,59.63414634,0
11,20/04/2018 02:09:03,59.51219512,0
11,20/04/2018 02:10:03,59.63414634,0
11,20/04/2018 02:11:03,59.51219512,0
11,20/04/2018 02:12:03,59.51219512,0
11,20/04/2018 02:13:03,59.51219512,0
11,20/04/2018 02:14:03,59.63414634,0
11,20/04/2018 02:15:03,59.51219512,0
11,20/04/2018 02:16:03,59.51219512,0
11,20/04/2018 02:17:04,59.51219512,0
11,20/04/2018 02:18:03,59.3902439,0
11,20/04/2018 02:19:04,59.3902439,0
11,20/04/2018 02:20:03,59.51219512,0
11,20/04/2018 02:21:04,59.3902439,0
11,20/04/2018 02:22:03,59.3902439,0
11,20/04/2018 02:23:03,59.3902439,0
11,20/04/2018 02:24:03,59.3902439,0
11,20/04/2018 02:25:04,59.3902439,0
11,20/04/2018 02:26:03,59.3902439,0
11,20/04/2018 02:27:03,59.26829268,0
11,20/04/2018 02:28:04,59.3902439,0
11,20/04/2018 02:29:03,59.26829268,0
11,20/04/2018 02:30:03,59.3902439,0
11,20/04/2018 02:31:04,59.3902439,0
11,20/04/2018 02:32:03,59.3902439,0
11,20/04/2018 02:33:03,59.3902439,0
11,20/04/2018 02:34:04,59.26829268,0
11,20/04/2018 02:35:03,59.26829268,0
11,20/04/2018 02:36:04,59.26829268,0
11,20/04/2018 02:37:03,59.14634146,0
11,20/04/2018 02:38:03,59.26829268,0
11,20/04/2018 02:39:04,59.14634146,0
11,20/04/2018 02:40:03,59.26829268,0
11,20/04/2018 02:41:04,59.14634146,0
11,20/04/2018 02:42:03,59.14634146,0
11,20/04/2018 02:43:04,59.26829268,0
11,20/04/2018 02:44:03,59.14634146,0
11,20/04/2018 02:45:04,59.02439024,0
11,20/04/2018 02:46:03,59.02439024,0
11,20/04/2018 02:47:04,59.14634146,0
11,20/04/2018 02:48:03,59.14634146,0
11,20/04/2018 02:49:04,59.02439024,0
11,20/04/2018 02:50:03,59.02439024,0
11,20/04/2018 02:51:04,59.02439024,0
11,20/04/2018 02:52:04,59.14634146,0
11,20/04/2018 02:53:03,59.02439024,0
11,20/04/2018 02:54:04,58.90243902,0
11,20/04/2018 02:55:03,59.02439024,0
11,20/04/2018 02:56:03,59.02439024,0
11,20/04/2018 02:57:04,59.02439024,0
11,20/04/2018 02:58:04,59.02439024,0
11,20/04/2018 02:59:03,59.02439024,0
11,20/04/2018 03:00:04,59.02439024,0
11,20/04/2018 03:01:04,59.02439024,0
11,20/04/2018 03:02:03,58.7804878,0
11,20/04/2018 03:03:05,58.90243902,0
11,20/04/2018 03:04:03,58.7804878,0
11,20/04/2018 03:05:04,58.90243902,0
11,20/04/2018 03:06:04,58.90243902,0
11,20/04/2018 03:07:04,58.90243902,0
11,20/04/2018 03:08:03,58.90243902,0
11,20/04/2018 03:09:03,58.90243902,0
11,20/04/2018 03:10:04,58.7804878,0
11,20/04/2018 03:11:04,58.90243902,0
11,20/04/2018 03:12:04,58.7804878,0
11,20/04/2018 03:13:04,58.7804878,0
11,20/04/2018 03:14:04,58.7804878,0
11,20/04/2018 03:15:04,58.7804878,0
11,20/04/2018 03:16:03,58.7804878,0
11,20/04/2018 03:17:03,58.7804878,0
11,20/04/2018 03:18:03,58.65853659,0
11,20/04/2018 03:19:03,58.7804878,0
11,20/04/2018 03:20:04,58.65853659,0
11,20/04/2018 03:21:04,58.65853659,0
11,20/04/2018 03:22:03,58.65853659,0
11,20/04/2018 03:23:03,58.65853659,0
11,20/04/2018 03:24:04,58.65853659,0
11,20/04/2018 03:25:04,58.53658537,0
11,20/04/2018 03:26:04,58.65853659,0
11,20/04/2018 03:27:04,58.53658537,0
11,20/04/2018 03:28:04,58.65853659,0
11,20/04/2018 03:29:04,58.53658537,0
11,20/04/2018 03:30:04,58.53658537,0
11,20/04/2018 03:31:05,58.53658537,0
11,20/04/2018 03:32:04,58.53658537,0
11,20/04/2018 03:33:04,58.41463415,0
11,20/04/2018 03:34:04,58.53658537,0
11,20/04/2018 03:35:04,58.41463415,0
11,20/04/2018 03:36:04,58.41463415,0
11,20/04/2018 03:37:04,58.53658537,0
11,20/04/2018 03:38:04,58.41463415,0
11,20/04/2018 03:39:04,58.41463415,0
11,20/04/2018 03:40:04,58.41463415,0
11,20/04/2018 03:41:04,58.41463415,0
11,20/04/2018 03:42:04,58.41463415,0
11,20/04/2018 03:43:04,58.41463415,0
11,20/04/2018 03:44:04,58.41463415,0
11,20/04/2018 03:45:04,58.41463415,0
11,20/04/2018 03:46:04,58.41463415,0
11,20/04/2018 03:47:04,58.41463415,0
11,20/04/2018 03:48:05,58.41463415,0
11,20/04/2018 03:49:04,58.29268293,0
11,20/04/2018 03:50:04,58.41463415,0
11,20/04/2018 03:51:04,58.41463415,0
11,20/04/2018 03:52:04,58.29268293,0
11,20/04/2018 03:53:04,58.17073171,0
11,20/04/2018 03:54:04,58.29268293,0
11,20/04/2018 03:55:05,58.17073171,0
11,20/04/2018 03:56:04,58.29268293,0
11,20/04/2018 03:57:04,58.29268293,0
11,20/04/2018 03:58:05,58.29268293,0
11,20/04/2018 03:59:04,58.04878049,0
11,20/04/2018 04:00:05,58.17073171,0
11,20/04/2018 04:01:04,58.17073171,0
11,20/04/2018 04:02:04,58.04878049,0
11,20/04/2018 04:03:05,58.04878049,0
11,20/04/2018 04:04:04,58.04878049,0
11,20/04/2018 04:05:05,58.17073171,0
11,20/04/2018 04:06:04,58.04878049,0
11,20/04/2018 04:07:05,58.04878049,0
11,20/04/2018 04:08:04,58.04878049,0
11,20/04/2018 04:09:05,57.92682927,0
11,20/04/2018 04:10:04,58.04878049,0
11,20/04/2018 04:11:05,58.04878049,0
11,20/04/2018 04:12:05,58.04878049,0
11,20/04/2018 04:13:04,58.04878049,0
11,20/04/2018 04:14:05,57.92682927,0
11,20/04/2018 04:15:04,58.04878049,0
11,20/04/2018 04:16:05,58.04878049,0
11,20/04/2018 04:17:04,57.92682927,0
11,20/04/2018 04:18:05,58.04878049,0
11,20/04/2018 04:19:05,57.92682927,0
11,20/04/2018 04:20:04,57.92682927,0
11,20/04/2018 04:21:05,57.80487805,0
11,20/04/2018 04:22:05,57.92682927,0
11,20/04/2018 04:23:04,57.80487805,0
11,20/04/2018 04:24:04,57.80487805,0
11,20/04/2018 04:25:05,57.92682927,0
11,20/04/2018 04:26:05,57.80487805,0
11,20/04/2018 04:27:04,57.80487805,0
11,20/04/2018 04:28:05,57.92682927,0
11,20/04/2018 04:29:05,57.80487805,0
11,20/04/2018 04:30:04,57.80487805,0
11,20/04/2018 04:31:04,57.68292683,0
11,20/04/2018 04:32:04,57.68292683,0
11,20/04/2018 04:33:05,57.80487805,0
11,20/04/2018 04:34:05,57.68292683,0
11,20/04/2018 04:35:05,57.80487805,0
11,20/04/2018 04:36:04,57.68292683,0
11,20/04/2018 04:37:05,57.68292683,0
11,20/04/2018 04:38:05,57.68292683,0
11,20/04/2018 04:39:05,57.56097561,0
11,20/04/2018 04:40:05,57.56097561,0
11,20/04/2018 04:41:05,57.56097561,0
11,20/04/2018 04:42:05,57.68292683,0
11,20/04/2018 04:43:05,57.68292683,0
11,20/04/2018 04:44:04,57.56097561,0
11,20/04/2018 04:45:04,57.56097561,0
11,20/04/2018 04:46:05,57.56097561,0
11,20/04/2018 04:47:05,57.56097561,0
11,20/04/2018 04:48:05,57.56097561,0
11,20/04/2018 04:49:05,57.56097561,0
11,20/04/2018 04:50:05,57.43902439,0
11,20/04/2018 04:51:05,57.43902439,0
11,20/04/2018 04:52:05,57.56097561,0
11,20/04/2018 04:53:05,57.43902439,0
11,20/04/2018 04:54:04,57.43902439,0
11,20/04/2018 04:55:05,57.56097561,0
11,20/04/2018 04:56:05,57.43902439,0
11,20/04/2018 04:57:05,57.43902439,0
11,20/04/2018 04:58:05,57.31707317,0
11,20/04/2018 04:59:05,57.43902439,0
11,20/04/2018 05:00:05,57.31707317,0
11,20/04/2018 05:01:05,57.31707317,0
11,20/04/2018 05:02:05,57.31707317,0
11,20/04/2018 05:03:05,57.31707317,0
11,20/04/2018 05:04:05,57.43902439,0
11,20/04/2018 05:05:06,57.31707317,0
11,20/04/2018 05:06:05,57.31707317,0
11,20/04/2018 05:07:06,57.31707317,0
11,20/04/2018 05:08:05,57.31707317,0
11,20/04/2018 05:09:05,57.19512195,0
11,20/04/2018 05:10:05,57.31707317,0
11,20/04/2018 05:11:05,57.31707317,0
11,20/04/2018 05:12:05,57.31707317,0
11,20/04/2018 05:13:05,57.31707317,0
11,20/04/2018 05:14:05,57.19512195,0
11,20/04/2018 05:15:05,57.31707317,0
11,20/04/2018 05:16:05,57.19512195,0
11,20/04/2018 05:17:06,57.07317073,0
11,20/04/2018 05:18:05,57.31707317,0
11,20/04/2018 05:19:05,57.19512195,0
11,20/04/2018 05:20:05,57.19512195,0
11,20/04/2018 05:21:05,57.19512195,0
11,20/04/2018 05:22:06,57.19512195,0
11,20/04/2018 05:23:05,57.19512195,0
11,20/04/2018 05:24:05,57.07317073,0
11,20/04/2018 05:25:05,57.07317073,0
11,20/04/2018 05:26:05,57.07317073,0
11,20/04/2018 05:27:05,57.19512195,0
11,20/04/2018 05:28:05,57.07317073,0
11,20/04/2018 05:29:06,57.19512195,0
11,20/04/2018 05:30:05,56.95121951,0
11,20/04/2018 05:31:05,56.95121951,0
11,20/04/2018 05:32:05,56.95121951,0
11,20/04/2018 05:33:06,56.95121951,0
11,20/04/2018 05:34:05,56.95121951,0
11,20/04/2018 05:35:06,56.95121951,0
11,20/04/2018 05:36:05,56.95121951,0
11,20/04/2018 05:37:05,56.82926829,0
11,20/04/2018 05:38:05,56.95121951,0
11,20/04/2018 05:39:06,56.95121951,0
11,20/04/2018 05:40:05,56.95121951,0
11,20/04/2018 05:41:06,56.95121951,0
11,20/04/2018 05:42:06,56.95121951,0
11,20/04/2018 05:43:05,56.82926829,0
11,20/04/2018 05:44:06,56.82926829,0
11,20/04/2018 05:45:06,56.82926829,0
11,20/04/2018 05:46:05,56.70731707,0
11,20/04/2018 05:47:06,56.82926829,0
11,20/04/2018 05:48:06,56.70731707,0
11,20/04/2018 05:49:05,56.82926829,0
11,20/04/2018 05:50:06,56.70731707,0
11,20/04/2018 05:51:06,56.70731707,0
11,20/04/2018 05:52:06,56.70731707,0
11,20/04/2018 05:53:06,56.70731707,0
11,20/04/2018 05:54:05,56.70731707,0
11,20/04/2018 05:55:06,56.70731707,0
11,20/04/2018 05:56:06,56.70731707,0
11,20/04/2018 05:57:06,56.58536585,0
11,20/04/2018 05:58:05,56.70731707,0
11,20/04/2018 05:59:05,56.70731707,0
11,20/04/2018 06:00:06,56.58536585,0
11,20/04/2018 06:01:06,56.70731707,0
11,20/04/2018 06:02:06,56.70731707,0
11,20/04/2018 06:03:06,56.58536585,0
11,20/04/2018 06:04:06,56.58536585,0
11,20/04/2018 06:05:06,56.58536585,0
11,20/04/2018 06:06:05,56.46341463,0
11,20/04/2018 06:07:05,56.70731707,0
11,20/04/2018 06:08:05,56.58536585,0
11,20/04/2018 06:09:06,56.58536585,0
11,20/04/2018 06:10:06,56.58536585,0
11,20/04/2018 06:11:06,56.46341463,0
11,20/04/2018 06:12:06,56.58536585,0
11,20/04/2018 06:13:06,56.46341463,0
11,20/04/2018 06:14:05,56.46341463,0
11,20/04/2018 06:15:06,56.46341463,0
11,20/04/2018 06:16:06,56.46341463,0
11,20/04/2018 06:17:06,56.34146341,0
11,20/04/2018 06:18:06,56.34146341,0
11,20/04/2018 06:19:06,56.46341463,0
11,20/04/2018 06:20:06,56.34146341,0
11,20/04/2018 06:21:06,56.34146341,0
11,20/04/2018 06:22:06,56.34146341,0
11,20/04/2018 06:23:06,56.46341463,0
11,20/04/2018 06:24:06,56.2195122,0
11,20/04/2018 06:25:07,56.34146341,0
11,20/04/2018 06:26:06,56.34146341,0
11,20/04/2018 06:27:06,56.34146341,0
11,20/04/2018 06:28:06,56.34146341,0
11,20/04/2018 06:29:06,56.34146341,0
11,20/04/2018 06:30:07,56.34146341,0
11,20/04/2018 06:31:06,56.2195122,0
11,20/04/2018 06:32:06,56.2195122,0
11,20/04/2018 06:33:06,56.34146341,0
11,20/04/2018 06:34:06,56.2195122,0
11,20/04/2018 06:35:06,56.09756098,0
11,20/04/2018 06:36:06,56.2195122,0
11,20/04/2018 06:37:06,56.2195122,0
11,20/04/2018 06:38:06,56.09756098,0
11,20/04/2018 06:39:07,56.2195122,0
11,20/04/2018 06:40:06,56.2195122,0
11,20/04/2018 06:41:06,56.09756098,0
11,20/04/2018 06:42:07,56.09756098,0
11,20/04/2018 06:43:06,55.97560976,0
11,20/04/2018 06:44:06,56.09756098,0
11,20/04/2018 06:45:06,56.09756098,0
11,20/04/2018 06:46:06,56.09756098,0
11,20/04/2018 06:47:07,55.97560976,0
11,20/04/2018 06:48:06,55.97560976,0
11,20/04/2018 06:49:06,55.97560976,0
11,20/04/2018 06:50:06,56.09756098,0
11,20/04/2018 06:51:06,56.09756098,0
11,20/04/2018 06:52:07,55.85365854,0
11,20/04/2018 06:53:06,55.97560976,0
11,20/04/2018 06:54:07,55.97560976,0
11,20/04/2018 06:55:07,55.85365854,0
11,20/04/2018 06:56:06,55.85365854,0
11,20/04/2018 06:57:06,55.97560976,0
11,20/04/2018 06:58:07,55.97560976,0
11,20/04/2018 06:59:06,55.85365854,0
11,20/04/2018 07:00:07,55.85365854,0
11,20/04/2018 07:01:06,55.85365854,0
11,20/04/2018 07:02:07,55.85365854,0
11,20/04/2018 07:03:06,55.85365854,0
11,20/04/2018 07:04:06,55.85365854,0
11,20/04/2018 07:05:06,55.85365854,0
11,20/04/2018 07:06:07,55.73170732,0
11,20/04/2018 07:07:07,55.73170732,0
11,20/04/2018 07:08:06,55.85365854,0
11,20/04/2018 07:09:07,55.85365854,0
11,20/04/2018 07:10:07,55.73170732,0
11,20/04/2018 07:11:06,55.85365854,0
11,20/04/2018 07:12:07,55.85365854,0
11,20/04/2018 07:13:06,55.73170732,0
11,20/04/2018 07:14:07,55.85365854,0
11,20/04/2018 07:15:06,55.73170732,0
11,20/04/2018 07:16:07,55.73170732,0
11,20/04/2018 07:17:06,55.73170732,0
11,20/04/2018 07:18:07,55.73170732,0
11,20/04/2018 07:19:07,55.6097561,0
11,20/04/2018 07:20:07,55.6097561,0
11,20/04/2018 07:21:06,55.6097561,0
11,20/04/2018 07:22:06,55.6097561,0
11,20/04/2018 07:23:07,55.6097561,0
11,20/04/2018 07:24:07,55.6097561,0
11,20/04/2018 07:25:07,55.48780488,0
11,20/04/2018 07:26:07,55.6097561,0
11,20/04/2018 07:27:07,55.6097561,0
11,20/04/2018 07:28:06,55.48780488,0
11,20/04/2018 07:29:06,55.48780488,0
11,20/04/2018 07:30:07,55.48780488,0
11,20/04/2018 07:31:07,55.48780488,0
11,20/04/2018 07:32:07,55.48780488,0
11,20/04/2018 07:33:07,55.48780488,0
11,20/04/2018 07:34:06,55.36585366,0
11,20/04/2018 07:35:06,55.36585366,0
11,20/04/2018 07:36:07,55.48780488,0
11,20/04/2018 07:37:07,55.48780488,0
11,20/04/2018 07:38:07,55.36585366,0
11,20/04/2018 07:39:06,55.48780488,0
11,20/04/2018 07:40:07,55.48780488,0
11,20/04/2018 07:41:06,55.36585366,0
11,20/04/2018 07:42:07,55.36585366,0
11,20/04/2018 07:43:07,55.36585366,0
11,20/04/2018 07:44:07,55.36585366,0
11,20/04/2018 07:45:07,55.36585366,0
11,20/04/2018 07:46:07,55.36585366,0
11,20/04/2018 07:47:07,55.36585366,0
11,20/04/2018 07:48:07,55.36585366,0
11,20/04/2018 07:49:07,55.36585366,0
11,20/04/2018 07:50:07,55.36585366,0
11,20/04/2018 07:51:07,55.36585366,0
11,20/04/2018 07:52:07,55.36585366,0
11,20/04/2018 07:53:07,55.36585366,0
11,20/04/2018 07:54:07,55.24390244,0
11,20/04/2018 07:55:07,55.24390244,0
11,20/04/2018 07:56:07,55.12195122,0
11,20/04/2018 07:57:07,55.24390244,0
11,20/04/2018 07:58:07,55.12195122,0
11,20/04/2018 07:59:08,55.12195122,0
11,20/04/2018 08:00:07,55.12195122,0
11,20/04/2018 08:01:07,55.12195122,0
11,20/04/2018 08:02:07,55.24390244,0
11,20/04/2018 08:03:07,55.24390244,0
11,20/04/2018 08:04:07,55.12195122,0
11,20/04/2018 08:05:07,55.12195122,0
11,20/04/2018 08:06:07,55.12195122,0
11,20/04/2018 08:07:07,55.12195122,0
11,20/04/2018 08:08:07,55,0
11,20/04/2018 08:09:08,55.12195122,0
11,20/04/2018 08:10:07,55,0
11,20/04/2018 08:11:07,55,0
11,20/04/2018 08:12:07,54.87804878,0
11,20/04/2018 08:13:07,55,0
11,20/04/2018 08:14:07,54.87804878,0
11,20/04/2018 08:15:07,55,0
11,20/04/2018 08:16:07,54.87804878,0
11,20/04/2018 08:17:07,55,0
11,20/04/2018 08:18:08,54.87804878,0
11,20/04/2018 08:19:07,55,0
11,20/04/2018 08:20:08,54.87804878,0
11,20/04/2018 08:21:07,54.87804878,0
11,20/04/2018 08:22:08,55,0
11,20/04/2018 08:23:08,54.87804878,0
11,20/04/2018 08:24:07,54.87804878,0
11,20/04/2018 08:25:08,54.87804878,0
11,20/04/2018 08:26:07,54.87804878,0
11,20/04/2018 08:27:07,54.87804878,0
11,20/04/2018 08:28:08,54.87804878,0
11,20/04/2018 08:29:07,54.75609756,0
11,20/04/2018 08:30:08,54.75609756,0
11,20/04/2018 08:31:08,54.75609756,0
11,20/04/2018 08:32:07,54.87804878,0
11,20/04/2018 08:33:08,54.75609756,0
11,20/04/2018 08:34:07,54.75609756,0
11,20/04/2018 08:35:08,54.75609756,0
11,20/04/2018 08:36:08,54.75609756,0
11,20/04/2018 08:37:07,54.75609756,0
11,20/04/2018 08:38:08,54.75609756,0
11,20/04/2018 08:39:08,54.63414634,0
11,20/04/2018 08:40:07,54.75609756,0
11,20/04/2018 08:41:07,54.63414634,0
11,20/04/2018 08:42:08,54.63414634,0
11,20/04/2018 08:43:08,54.51219512,0
11,20/04/2018 08:44:07,54.51219512,0
11,20/04/2018 08:45:07,54.51219512,0
11,20/04/2018 08:46:08,54.51219512,0
11,20/04/2018 08:47:08,54.51219512,0
11,20/04/2018 08:48:07,54.51219512,0
11,20/04/2018 08:49:07,54.3902439,0
11,20/04/2018 08:50:08,54.3902439,0
11,20/04/2018 08:51:08,54.3902439,0
11,20/04/2018 08:52:08,54.02439024,0
11,20/04/2018 08:53:08,53.53658537,0
11,20/04/2018 08:54:07,53.04878049,0
11,20/04/2018 08:55:08,53.04878049,0
11,20/04/2018 08:56:08,52.80487805,0
11,20/04/2018 08:57:08,52.19512195,0
11,20/04/2018 08:58:08,52.19512195,0
11,20/04/2018 08:59:08,52.19512195,0
11,20/04/2018 09:00:08,52.07317073,0
11,20/04/2018 09:01:08,51.95121951,0
11,20/04/2018 09:02:08,52.07317073,0
11,20/04/2018 09:03:08,51.95121951,0
11,20/04/2018 09:04:08,51.95121951,0
11,20/04/2018 09:05:08,51.46341463,0
11,20/04/2018 09:06:08,51.2195122,0
11,20/04/2018 09:07:08,51.2195122,0
11,20/04/2018 09:08:08,51.34146341,0
11,20/04/2018 09:09:08,50.24390244,25.12195122
11,20/04/2018 09:10:07,50,25
11,20/04/2018 09:11:08,50.12195122,25.06097561
11,20/04/2018 09:12:08,50.12195122,25.06097561
11,20/04/2018 09:13:08,50,25
11,20/04/2018 09:14:08,50.12195122,25.06097561
11,20/04/2018 09:15:08,48.90243902,24.45121951
11,20/04/2018 09:16:08,48.17073171,24.08536585
11,20/04/2018 09:17:08,47.19512195,23.59756098
11,20/04/2018 09:18:08,46.46341463,23.23170732
11,20/04/2018 09:19:08,45,22.5
11,20/04/2018 09:20:08,44.51219512,22.25609756
11,20/04/2018 09:21:08,43.65853659,21.82926829
11,20/04/2018 09:22:08,42.68292683,21.34146341
11,20/04/2018 09:23:08,41.82926829,20.91463415
11,20/04/2018 09:24:08,40.12195122,20.06097561
11,20/04/2018 09:25:08,36.82926829,18.41463415
11,20/04/2018 09:26:08,32.68292683,16.34146341
11,20/04/2018 09:27:08,31.34146341,15.67073171
11,20/04/2018 09:28:08,31.34146341,15.67073171
11,20/04/2018 09:29:08,31.09756098,15.54878049
11,20/04/2018 09:30:08,31.34146341,15.67073171
11,20/04/2018 09:31:08,31.34146341,15.67073171
11,20/04/2018 09:32:08,31.70731707,15.85365854
11,20/04/2018 09:33:08,31.95121951,15.97560976
11,20/04/2018 09:34:09,32.43902439,16.2195122
11,20/04/2018 09:35:08,32.56097561,16.2804878
11,20/04/2018 09:36:08,32.80487805,16.40243902
11,20/04/2018 09:37:08,33.17073171,16.58536585
11,20/04/2018 09:38:08,33.53658537,16.76829268
11,20/04/2018 09:39:08,33.7804878,16.8902439
11,20/04/2018 09:40:08,34.26829268,17.13414634
11,20/04/2018 09:41:08,34.51219512,17.25609756
11,20/04/2018 09:42:08,34.87804878,17.43902439
11,20/04/2018 09:43:09,34.87804878,17.43902439
11,20/04/2018 09:44:08,34.87804878,17.43902439
11,20/04/2018 09:45:08,35.12195122,17.56097561
11,20/04/2018 09:46:09,35.48780488,17.74390244
11,20/04/2018 09:47:08,35.85365854,17.92682927
11,20/04/2018 09:48:09,36.09756098,18.04878049
11,20/04/2018 09:49:08,36.09756098,18.04878049
11,20/04/2018 09:50:08,36.58536585,18.29268293
11,20/04/2018 09:51:09,36.95121951,18.47560976
11,20/04/2018 09:52:08,36.95121951,18.47560976
11,20/04/2018 09:53:08,37.31707317,18.65853659
11,20/04/2018 09:54:09,37.68292683,18.84146341
11,20/04/2018 09:55:09,37.68292683,18.84146341
11,20/04/2018 09:56:08,37.92682927,18.96341463
11,20/04/2018 09:57:09,38.41463415,19.20731707
11,20/04/2018 09:58:08,38.65853659,19.32926829
11,20/04/2018 09:59:09,38.90243902,19.45121951
11,20/04/2018 10:00:08,39.02439024,19.51219512
11,20/04/2018 10:01:08,39.3902439,19.69512195
11,20/04/2018 10:02:09,39.3902439,19.69512195
11,20/04/2018 10:03:09,39.63414634,19.81707317
11,20/04/2018 10:04:08,39.87804878,19.93902439
11,20/04/2018 10:05:09,40.12195122,20.06097561
11,20/04/2018 10:06:09,40.48780488,20.24390244
11,20/04/2018 10:07:09,40.6097561,20.30487805
11,20/04/2018 10:08:08,40.85365854,20.42682927
11,20/04/2018 10:09:08,40.97560976,20.48780488
11,20/04/2018 10:10:09,41.2195122,20.6097561
11,20/04/2018 10:11:09,41.58536585,20.79268293
11,20/04/2018 10:12:09,41.70731707,20.85365854
11,20/04/2018 10:13:09,42.07317073,21.03658537
11,20/04/2018 10:14:09,42.56097561,21.2804878
11,20/04/2018 10:15:09,42.56097561,21.2804878
11,20/04/2018 10:16:09,42.92682927,21.46341463
11,20/04/2018 10:17:09,43.04878049,21.52439024
11,20/04/2018 10:18:09,43.29268293,21.64634146
11,20/04/2018 10:19:09,43.53658537,21.76829268
11,20/04/2018 10:20:09,43.65853659,21.82926829
11,20/04/2018 10:21:08,43.65853659,21.82926829
11,20/04/2018 10:22:08,43.65853659,21.82926829
11,20/04/2018 10:23:08,43.65853659,21.82926829
11,20/04/2018 10:24:09,43.65853659,21.82926829
11,20/04/2018 10:25:09,43.65853659,21.82926829
11,20/04/2018 10:26:09,43.65853659,21.82926829
11,20/04/2018 10:27:09,43.7804878,21.8902439
11,20/04/2018 10:28:09,43.65853659,21.82926829
11,20/04/2018 10:29:09,43.65853659,21.82926829
11,20/04/2018 10:30:09,43.7804878,21.8902439
11,20/04/2018 10:31:09,43.90243902,21.95121951
11,20/04/2018 10:32:09,44.02439024,22.01219512
11,20/04/2018 10:33:09,44.3902439,22.19512195
11,20/04/2018 10:34:09,44.75609756,22.37804878
11,20/04/2018 10:35:09,44.87804878,22.43902439
11,20/04/2018 10:36:09,45.12195122,22.56097561
11,20/04/2018 10:37:09,45.48780488,22.74390244
11,20/04/2018 10:38:09,45.6097561,22.80487805
11,20/04/2018 10:39:09,45.73170732,22.86585366
11,20/04/2018 10:40:09,45.97560976,22.98780488
11,20/04/2018 10:41:09,46.34146341,23.17073171
11,20/04/2018 10:42:09,46.70731707,23.35365854
11,20/04/2018 10:43:09,46.82926829,23.41463415
11,20/04/2018 10:44:09,47.07317073,23.53658537
11,20/04/2018 10:45:09,47.31707317,23.65853659
11,20/04/2018 10:46:09,47.43902439,23.7195122
11,20/04/2018 10:47:09,47.80487805,23.90243902
11,20/04/2018 10:48:09,47.92682927,23.96341463
11,20/04/2018 10:49:09,48.53658537,24.26829268
11,20/04/2018 10:50:09,48.65853659,24.32926829
11,20/04/2018 10:51:09,48.7804878,24.3902439
11,20/04/2018 10:52:09,49.14634146,24.57317073
11,20/04/2018 10:53:09,49.3902439,24.69512195
11,20/04/2018 10:54:09,49.75609756,24.87804878
11,20/04/2018 10:55:09,49.87804878,24.93902439
11,20/04/2018 10:56:09,50,25
11,20/04/2018 10:57:09,50.48780488,25.24390244
11,20/04/2018 10:58:09,50.6097561,25.30487805
11,20/04/2018 10:59:09,51.09756098,25.54878049
11,20/04/2018 11:00:09,51.2195122,25.6097561
11,20/04/2018 11:01:09,51.34146341,25.67073171
11,20/04/2018 11:02:09,51.70731707,25.85365854
11,20/04/2018 11:03:09,51.95121951,25.97560976
11,20/04/2018 11:04:09,52.07317073,26.03658537
11,20/04/2018 11:05:09,52.56097561,26.2804878
11,20/04/2018 11:06:10,52.80487805,26.40243902
11,20/04/2018 11:07:09,53.04878049,26.52439024
11,20/04/2018 11:08:09,53.17073171,26.58536585
11,20/04/2018 11:09:10,53.41463415,26.70731707
11,20/04/2018 11:10:09,53.7804878,26.8902439
11,20/04/2018 11:11:09,54.02439024,27.01219512
11,20/04/2018 11:12:09,54.26829268,27.13414634
11,20/04/2018 11:13:09,54.26829268,0
11,20/04/2018 11:14:10,54.51219512,0
11,20/04/2018 11:15:09,54.63414634,27.31707317
11,20/04/2018 11:16:10,54.75609756,27.37804878
11,20/04/2018 11:17:09,54.75609756,27.37804878
11,20/04/2018 11:18:09,55.12195122,27.56097561
11,20/04/2018 11:19:09,55.48780488,27.74390244
11,20/04/2018 11:20:09,55.73170732,27.86585366
11,20/04/2018 11:21:09,55.85365854,27.92682927
11,20/04/2018 11:22:09,56.2195122,28.1097561
11,20/04/2018 11:23:09,56.46341463,28.23170732
11,20/04/2018 11:24:10,56.70731707,28.35365854
11,20/04/2018 11:25:10,56.82926829,28.41463415
11,20/04/2018 11:26:09,57.43902439,28.7195122
11,20/04/2018 11:27:10,57.43902439,28.7195122
11,20/04/2018 11:28:09,57.68292683,28.84146341
11,20/04/2018 11:29:10,58.04878049,29.02439024
11,20/04/2018 11:30:09,58.29268293,29.14634146
11,20/04/2018 11:31:10,58.41463415,29.20731707
11,20/04/2018 11:32:09,58.65853659,29.32926829
11,20/04/2018 11:33:09,59.02439024,29.51219512
11,20/04/2018 11:34:09,59.14634146,29.57317073
11,20/04/2018 11:35:10,59.3902439,29.69512195
11,20/04/2018 11:36:10,59.63414634,29.81707317
11,20/04/2018 11:37:10,59.87804878,29.93902439
11,20/04/2018 11:38:09,60.24390244,30.12195122
11,20/04/2018 11:39:09,60.24390244,30.12195122
11,20/04/2018 11:40:10,60.36585366,0
11,20/04/2018 11:41:09,60.48780488,0
11,20/04/2018 11:42:09,60.36585366,0
11,20/04/2018 11:43:09,60.48780488,0
11,20/04/2018 11:44:10,60.36585366,0
11,20/04/2018 11:45:10,60.36585366,30.18292683
11,20/04/2018 11:46:10,60.36585366,30.18292683
11,20/04/2018 11:47:10,60.48780488,30.24390244
11,20/04/2018 11:48:10,60.48780488,30.24390244
11,20/04/2018 11:49:10,60.36585366,30.18292683
11,20/04/2018 11:50:10,60.36585366,30.18292683
11,20/04/2018 11:51:10,60.36585366,30.18292683
11,20/04/2018 11:52:10,60.36585366,30.18292683
11,20/04/2018 11:53:10,60.48780488,30.24390244
11,20/04/2018 11:54:10,60.36585366,30.18292683
11,20/04/2018 11:55:10,60.36585366,30.18292683
11,20/04/2018 11:56:10,60.36585366,30.18292683
11,20/04/2018 11:57:10,60.36585366,30.18292683
11,20/04/2018 11:58:10,60.24390244,30.12195122
11,20/04/2018 11:59:10,60.36585366,30.18292683
11,20/04/2018 12:00:10,60.36585366,30.18292683
11,20/04/2018 12:01:10,60.48780488,30.24390244
11,20/04/2018 12:02:10,60.6097561,30.30487805
11,20/04/2018 12:03:10,60.73170732,30.36585366
11,20/04/2018 12:04:10,61.09756098,30.54878049
11,20/04/2018 12:05:11,61.2195122,30.6097561
11,20/04/2018 12:06:10,61.46341463,30.73170732
11,20/04/2018 12:07:10,61.70731707,30.85365854
11,20/04/2018 12:08:10,61.82926829,30.91463415
11,20/04/2018 12:09:10,62.19512195,31.09756098
11,20/04/2018 12:10:10,62.31707317,0
11,20/04/2018 12:11:10,62.56097561,0
11,20/04/2018 12:12:10,62.43902439,0
11,20/04/2018 12:13:10,62.56097561,0
11,20/04/2018 12:14:10,62.56097561,0
11,20/04/2018 12:15:10,62.43902439,31.2195122
11,20/04/2018 12:16:10,62.80487805,31.40243902
11,20/04/2018 12:17:10,62.92682927,31.46341463
11,20/04/2018 12:18:10,62.92682927,31.46341463
11,20/04/2018 12:19:10,63.29268293,31.64634146
11,20/04/2018 12:20:10,63.29268293,31.64634146
11,20/04/2018 12:21:10,63.7804878,31.8902439
11,20/04/2018 12:22:10,64.02439024,32.01219512
11,20/04/2018 12:23:10,64.26829268,32.13414634
11,20/04/2018 12:24:11,64.3902439,32.19512195
11,20/04/2018 12:25:10,64.75609756,0
11,20/04/2018 12:26:10,64.75609756,0
11,20/04/2018 12:27:10,64.75609756,0
11,20/04/2018 12:28:10,64.75609756,0
11,20/04/2018 12:29:11,64.75609756,0
11,20/04/2018 12:30:10,64.63414634,0
11,20/04/2018 12:31:11,64.75609756,0
11,20/04/2018 12:32:10,64.75609756,0
11,20/04/2018 12:33:10,64.75609756,0
11,20/04/2018 12:34:10,64.75609756,0
11,20/04/2018 12:35:10,64.75609756,0
11,20/04/2018 12:36:10,64.63414634,0
11,20/04/2018 12:37:10,64.51219512,0
11,20/04/2018 12:38:10,64.63414634,0
11,20/04/2018 12:39:11,64.51219512,0
11,20/04/2018 12:40:10,64.3902439,0
11,20/04/2018 12:41:11,64.51219512,0
11,20/04/2018 12:42:11,64.51219512,0
11,20/04/2018 12:43:10,64.51219512,0
11,20/04/2018 12:44:11,64.51219512,0
11,20/04/2018 12:45:10,64.51219512,0
11,20/04/2018 12:46:10,64.3902439,0
11,20/04/2018 12:47:11,64.3902439,0
11,20/04/2018 12:48:10,64.3902439,0
11,20/04/2018 12:49:11,64.3902439,0
11,20/04/2018 12:50:10,64.3902439,0
11,20/04/2018 12:51:11,64.3902439,0
11,20/04/2018 12:52:10,64.26829268,0
11,20/04/2018 12:53:11,64.3902439,0
11,20/04/2018 12:54:11,64.26829268,0
11,20/04/2018 12:55:10,64.26829268,0
11,20/04/2018 12:56:11,64.51219512,0
11,20/04/2018 12:57:10,64.3902439,0
11,20/04/2018 12:58:10,64.26829268,0
11,20/04/2018 12:59:10,64.51219512,0
11,20/04/2018 13:00:10,64.3902439,0
11,20/04/2018 13:01:10,64.3902439,0
11,20/04/2018 13:02:10,64.26829268,0
11,20/04/2018 13:03:11,64.26829268,0
11,20/04/2018 13:04:11,64.26829268,0
11,20/04/2018 13:05:11,64.26829268,0
11,20/04/2018 13:06:11,64.3902439,0
11,20/04/2018 13:07:10,64.26829268,0
11,20/04/2018 13:08:10,64.3902439,0
11,20/04/2018 13:09:10,64.26829268,0
11,20/04/2018 13:10:11,64.26829268,0
11,20/04/2018 13:11:11,64.26829268,0
11,20/04/2018 13:12:11,64.26829268,0
11,20/04/2018 13:13:11,64.3902439,0
11,20/04/2018 13:14:11,64.26829268,0
11,20/04/2018 13:15:11,64.3902439,0
11,20/04/2018 13:16:11,64.26829268,0
11,20/04/2018 13:17:11,64.26829268,0
11,20/04/2018 13:18:11,64.14634146,0
11,20/04/2018 13:19:11,64.26829268,0
11,20/04/2018 13:20:11,64.26829268,0
11,20/04/2018 13:21:10,64.14634146,0
11,20/04/2018 13:22:11,64.14634146,0
11,20/04/2018 13:23:11,64.26829268,0
11,20/04/2018 13:24:11,64.14634146,0
11,20/04/2018 13:25:11,64.26829268,0
11,20/04/2018 13:26:11,64.02439024,0
11,20/04/2018 13:27:11,64.14634146,0
11,20/04/2018 13:28:11,64.26829268,0
11,20/04/2018 13:29:11,64.02439024,0
11,20/04/2018 13:30:11,64.14634146,0
11,20/04/2018 13:31:11,64.14634146,0
11,20/04/2018 13:32:11,64.26829268,0
11,20/04/2018 13:33:11,64.02439024,0
11,20/04/2018 13:34:11,64.14634146,0
11,20/04/2018 13:35:11,64.14634146,0
11,20/04/2018 13:36:11,64.14634146,0
11,20/04/2018 13:37:11,64.02439024,0
11,20/04/2018 13:38:11,64.02439024,0
11,20/04/2018 13:39:12,64.14634146,0
11,20/04/2018 13:40:11,64.02439024,0
11,20/04/2018 13:41:11,64.14634146,0
11,20/04/2018 13:42:11,64.02439024,0
11,20/04/2018 13:43:11,64.02439024,0
11,20/04/2018 13:44:11,64.02439024,0
11,20/04/2018 13:45:11,64.02439024,0
11,20/04/2018 13:46:11,64.02439024,0
11,20/04/2018 13:47:11,63.90243902,0
11,20/04/2018 13:48:11,64.02439024,0
11,20/04/2018 13:49:11,64.14634146,0
11,20/04/2018 13:50:11,63.90243902,0
11,20/04/2018 13:51:11,64.02439024,0
11,20/04/2018 13:52:11,63.90243902,0
11,20/04/2018 13:53:11,63.90243902,0
11,20/04/2018 13:54:12,63.90243902,0
11,20/04/2018 13:55:11,64.02439024,32.01219512
11,20/04/2018 13:56:11,63.90243902,31.95121951
11,20/04/2018 13:57:11,63.90243902,31.95121951
11,20/04/2018 13:58:11,63.90243902,31.95121951
11,20/04/2018 13:59:11,63.90243902,31.95121951
11,20/04/2018 14:00:11,63.90243902,31.95121951
11,20/04/2018 14:01:11,63.90243902,31.95121951
11,20/04/2018 14:02:11,63.90243902,31.95121951
11,20/04/2018 14:03:11,63.7804878,31.8902439
11,20/04/2018 14:04:11,63.90243902,31.95121951
11,20/04/2018 14:05:12,64.14634146,32.07317073
11,20/04/2018 14:06:11,64.14634146,32.07317073
11,20/04/2018 14:07:11,64.3902439,32.19512195
11,20/04/2018 14:08:11,64.75609756,32.37804878
11,20/04/2018 14:09:12,64.87804878,32.43902439
11,20/04/2018 14:10:11,65.12195122,0
11,20/04/2018 14:11:11,65.36585366,0
11,20/04/2018 14:12:11,65.36585366,0
11,20/04/2018 14:13:11,65.24390244,0
11,20/04/2018 14:14:11,65.24390244,0
11,20/04/2018 14:15:11,65.24390244,0
11,20/04/2018 14:16:11,65.24390244,0
11,20/04/2018 14:17:12,65.24390244,0
11,20/04/2018 14:18:11,65.24390244,0
11,20/04/2018 14:19:12,65.24390244,0
11,20/04/2018 14:20:11,65.24390244,0
11,20/04/2018 14:21:11,65.24390244,0
11,20/04/2018 14:22:12,65.24390244,0
11,20/04/2018 14:23:12,65.12195122,0
11,20/04/2018 14:24:12,65.24390244,0
11,20/04/2018 14:25:12,65.24390244,0
11,20/04/2018 14:26:12,65.12195122,0
11,20/04/2018 14:27:12,65.24390244,0
11,20/04/2018 14:28:11,65.12195122,0
11,20/04/2018 14:29:11,65.24390244,0
11,20/04/2018 14:30:11,65.12195122,0
11,20/04/2018 14:31:12,65.12195122,0
11,20/04/2018 14:32:12,65.24390244,0
11,20/04/2018 14:33:12,65.12195122,0
11,20/04/2018 14:34:12,65.12195122,0
11,20/04/2018 14:35:12,65,0
11,20/04/2018 14:36:12,65.24390244,0
11,20/04/2018 14:37:11,65.12195122,0
11,20/04/2018 14:38:11,65.12195122,0
11,20/04/2018 14:39:11,65,0
11,20/04/2018 14:40:11,65,0
11,20/04/2018 14:41:12,65.12195122,0
11,20/04/2018 14:42:11,65.12195122,0
11,20/04/2018 14:43:12,65.12195122,0
11,20/04/2018 14:44:12,65.12195122,0
11,20/04/2018 14:45:12,65.12195122,0
11,20/04/2018 14:46:12,65,0
11,20/04/2018 14:47:12,65.12195122,0
11,20/04/2018 14:48:11,65,0
11,20/04/2018 14:49:11,65,0
11,20/04/2018 14:50:12,64.87804878,0
11,20/04/2018 14:51:11,65,0
11,20/04/2018 14:52:12,64.87804878,0
11,20/04/2018 14:53:13,64.87804878,0
11,20/04/2018 14:54:12,64.87804878,0
11,20/04/2018 14:55:13,64.87804878,0
11,20/04/2018 14:56:12,64.87804878,0
11,20/04/2018 14:57:12,65,0
11,20/04/2018 14:58:12,64.87804878,0
11,20/04/2018 14:59:12,64.75609756,0
11,20/04/2018 15:00:12,64.75609756,0
11,20/04/2018 15:01:11,64.75609756,0
11,20/04/2018 15:02:12,64.75609756,0
11,20/04/2018 15:03:12,64.75609756,0
11,20/04/2018 15:04:12,64.75609756,0
11,20/04/2018 15:05:12,64.75609756,0
11,20/04/2018 15:06:11,64.75609756,0
11,20/04/2018 15:07:12,64.75609756,0
11,20/04/2018 15:08:12,64.63414634,0
11,20/04/2018 15:09:12,64.75609756,0
11,20/04/2018 15:10:12,64.63414634,0
11,20/04/2018 15:11:12,64.63414634,0
11,20/04/2018 15:12:12,64.75609756,0
11,20/04/2018 15:13:13,64.75609756,0
11,20/04/2018 15:14:12,64.63414634,0
11,20/04/2018 15:15:13,64.63414634,0
11,20/04/2018 15:16:12,64.51219512,0
11,20/04/2018 15:17:13,64.63414634,0
11,20/04/2018 15:18:12,64.51219512,0
11,20/04/2018 15:19:13,64.63414634,0
11,20/04/2018 15:20:12,64.63414634,0
11,20/04/2018 15:21:12,64.3902439,0
11,20/04/2018 15:22:12,64.51219512,0
11,20/04/2018 15:23:12,64.51219512,0
11,20/04/2018 15:24:13,64.3902439,0
11,20/04/2018 15:25:12,64.51219512,0
11,20/04/2018 15:26:12,64.3902439,0
11,20/04/2018 15:27:12,64.3902439,0
11,20/04/2018 15:28:13,64.3902439,0
11,20/04/2018 15:29:12,64.51219512,0
11,20/04/2018 15:30:13,64.26829268,0
11,20/04/2018 15:31:12,64.3902439,0
11,20/04/2018 15:32:13,64.3902439,0
11,20/04/2018 15:33:12,64.26829268,0
11,20/04/2018 15:34:12,64.26829268,0
11,20/04/2018 15:35:12,64.3902439,0
11,20/04/2018 15:36:13,64.14634146,0
11,20/04/2018 15:37:12,64.26829268,0
11,20/04/2018 15:38:13,64.14634146,0
11,20/04/2018 15:39:12,64.26829268,0
11,20/04/2018 15:40:12,64.14634146,0
11,20/04/2018 15:41:12,64.14634146,0
11,20/04/2018 15:42:13,64.14634146,0
11,20/04/2018 15:43:12,64.14634146,0
11,20/04/2018 15:44:12,64.14634146,0
11,20/04/2018 15:45:12,64.14634146,0
11,20/04/2018 15:46:12,64.14634146,0
11,20/04/2018 15:47:12,64.02439024,0
11,20/04/2018 15:48:13,64.14634146,0
11,20/04/2018 15:49:12,64.02439024,0
11,20/04/2018 15:50:12,64.02439024,0
11,20/04/2018 15:51:13,64.02439024,0
11,20/04/2018 15:52:13,64.02439024,0
11,20/04/2018 15:53:13,64.02439024,0
11,20/04/2018 15:54:12,64.02439024,0
11,20/04/2018 15:55:13,63.90243902,0
11,20/04/2018 15:56:14,64.02439024,0
11,20/04/2018 15:57:12,63.90243902,0
11,20/04/2018 15:58:12,63.90243902,0
11,20/04/2018 15:59:13,64.02439024,0
11,20/04/2018 16:00:13,63.90243902,0
11,20/04/2018 16:01:12,63.90243902,0
11,20/04/2018 16:02:12,63.90243902,0
11,20/04/2018 16:03:12,63.7804878,0
11,20/04/2018 16:04:12,63.7804878,0
11,20/04/2018 16:05:13,63.7804878,31.8902439
11,20/04/2018 16:06:13,63.7804878,31.8902439
11,20/04/2018 16:07:13,63.90243902,31.95121951
11,20/04/2018 16:08:12,63.7804878,31.8902439
11,20/04/2018 16:09:12,63.7804878,31.8902439
11,20/04/2018 16:10:12,63.7804878,31.8902439
11,20/04/2018 16:11:13,63.7804878,31.8902439
11,20/04/2018 16:12:12,63.65853659,31.82926829
11,20/04/2018 16:13:13,63.65853659,31.82926829
11,20/04/2018 16:14:12,63.65853659,31.82926829
11,20/04/2018 16:15:13,63.65853659,31.82926829
11,20/04/2018 16:16:13,63.65853659,31.82926829
11,20/04/2018 16:17:13,63.65853659,31.82926829
11,20/04/2018 16:18:12,63.65853659,31.82926829
11,20/04/2018 16:19:12,63.53658537,31.76829268
11,20/04/2018 16:20:13,63.65853659,31.82926829
11,20/04/2018 16:21:13,63.53658537,31.76829268
11,20/04/2018 16:22:13,63.53658537,31.76829268
11,20/04/2018 16:23:13,63.65853659,31.82926829
11,20/04/2018 16:24:13,63.53658537,31.76829268
11,20/04/2018 16:25:13,63.41463415,31.70731707
11,20/04/2018 16:26:13,63.53658537,31.76829268
11,20/04/2018 16:27:13,63.41463415,31.70731707
11,20/04/2018 16:28:13,63.53658537,31.76829268
11,20/04/2018 16:29:14,63.53658537,31.76829268
11,20/04/2018 16:30:13,63.41463415,31.70731707
11,20/04/2018 16:31:13,63.41463415,31.70731707
11,20/04/2018 16:32:13,63.53658537,31.76829268
11,20/04/2018 16:33:14,63.53658537,31.76829268
11,20/04/2018 16:34:13,63.29268293,31.64634146
11,20/04/2018 16:35:13,63.29268293,31.64634146
11,20/04/2018 16:36:13,63.29268293,31.64634146
11,20/04/2018 16:37:14,63.29268293,31.64634146
11,20/04/2018 16:38:13,63.29268293,31.64634146
11,20/04/2018 16:39:13,63.29268293,31.64634146
11,20/04/2018 16:40:13,63.17073171,31.58536585
11,20/04/2018 16:41:13,63.17073171,31.58536585
11,20/04/2018 16:42:13,63.17073171,31.58536585
11,20/04/2018 16:43:13,63.17073171,31.58536585
11,20/04/2018 16:44:14,63.17073171,31.58536585
11,20/04/2018 16:45:13,62.92682927,31.46341463
11,20/04/2018 16:46:13,62.92682927,31.46341463
11,20/04/2018 16:47:13,63.04878049,31.52439024
11,20/04/2018 16:48:13,63.04878049,31.52439024
11,20/04/2018 16:49:14,63.04878049,31.52439024
11,20/04/2018 16:50:14,62.92682927,31.46341463
11,20/04/2018 16:51:13,62.92682927,31.46341463
11,20/04/2018 16:52:13,62.80487805,31.40243902
11,20/04/2018 16:53:13,62.80487805,31.40243902
11,20/04/2018 16:54:13,62.43902439,31.2195122
11,20/04/2018 16:55:13,60.6097561,30.30487805
11,20/04/2018 16:56:13,57.92682927,28.96341463
11,20/04/2018 16:57:14,54.14634146,27.07317073
11,20/04/2018 16:58:13,53.04878049,26.52439024
11,20/04/2018 16:59:14,51.58536585,25.79268293
11,20/04/2018 17:00:14,51.46341463,25.73170732
11,20/04/2018 17:01:13,51.70731707,25.85365854
11,20/04/2018 17:02:13,51.95121951,25.97560976
11,20/04/2018 17:03:14,52.31707317,26.15853659
11,20/04/2018 17:04:13,53.17073171,26.58536585
11,20/04/2018 17:05:13,53.04878049,26.52439024
11,20/04/2018 17:06:13,53.53658537,26.76829268
11,20/04/2018 17:07:13,53.90243902,26.95121951
11,20/04/2018 17:08:13,54.3902439,27.19512195
11,20/04/2018 17:09:14,54.75609756,27.37804878
11,20/04/2018 17:10:14,55.12195122,27.56097561
11,20/04/2018 17:11:14,55.36585366,27.68292683
11,20/04/2018 17:12:13,55.85365854,27.92682927
11,20/04/2018 17:13:14,56.09756098,28.04878049
11,20/04/2018 17:14:13,56.46341463,28.23170732
11,20/04/2018 17:15:13,56.46341463,28.23170732
11,20/04/2018 17:16:13,56.58536585,28.29268293
11,20/04/2018 17:17:14,56.70731707,28.35365854
11,20/04/2018 17:18:14,57.07317073,28.53658537
11,20/04/2018 17:19:13,57.31707317,28.65853659
11,20/04/2018 17:20:13,57.68292683,28.84146341
11,20/04/2018 17:21:14,57.92682927,28.96341463
11,20/04/2018 17:22:13,58.04878049,29.02439024
11,20/04/2018 17:23:13,58.41463415,29.20731707
11,20/04/2018 17:24:13,58.7804878,29.3902439
11,20/04/2018 17:25:14,58.90243902,29.45121951
11,20/04/2018 17:26:14,59.14634146,29.57317073
11,20/04/2018 17:27:14,59.51219512,29.75609756
11,20/04/2018 17:28:14,59.87804878,29.93902439
11,20/04/2018 17:29:14,60,30
11,20/04/2018 17:30:14,60.24390244,30.12195122
11,20/04/2018 17:31:13,60.6097561,30.30487805
11,20/04/2018 17:32:13,60.85365854,30.42682927
11,20/04/2018 17:33:14,61.09756098,30.54878049
11,20/04/2018 17:34:14,61.46341463,30.73170732
11,20/04/2018 17:35:14,61.58536585,30.79268293
11,20/04/2018 17:36:14,61.95121951,30.97560976
11,20/04/2018 17:37:14,62.19512195,31.09756098
11,20/04/2018 17:38:14,62.56097561,31.2804878
11,20/04/2018 17:39:14,62.80487805,31.40243902
11,20/04/2018 17:40:13,62.92682927,31.46341463
11,20/04/2018 17:41:14,63.17073171,31.58536585
11,20/04/2018 17:42:13,63.41463415,31.70731707
11,20/04/2018 17:43:14,63.7804878,31.8902439
11,20/04/2018 17:44:13,64.02439024,32.01219512
11,20/04/2018 17:45:14,64.14634146,0
11,20/04/2018 17:46:14,64.3902439,0
11,20/04/2018 17:47:14,64.3902439,0
11,20/04/2018 17:48:14,64.3902439,0
11,20/04/2018 17:49:14,64.51219512,0
11,20/04/2018 17:50:14,64.3902439,0
11,20/04/2018 17:51:13,64.3902439,0
11,20/04/2018 17:52:13,64.26829268,0
11,20/04/2018 17:53:15,64.26829268,0
11,20/04/2018 17:54:14,64.3902439,0
11,20/04/2018 17:55:14,64.3902439,0
11,20/04/2018 17:56:13,64.3902439,0
11,20/04/2018 17:57:14,64.3902439,0
11,20/04/2018 17:58:14,64.26829268,0
11,20/04/2018 17:59:14,64.3902439,0
11,20/04/2018 18:00:14,64.3902439,0
11,20/04/2018 18:01:14,64.3902439,0
11,20/04/2018 18:02:14,64.26829268,0
11,20/04/2018 18:03:14,64.26829268,0
11,20/04/2018 18:04:13,64.14634146,0
11,20/04/2018 18:05:14,64.14634146,0
11,20/04/2018 18:06:14,64.26829268,0
11,20/04/2018 18:07:14,64.26829268,0
11,20/04/2018 18:08:14,64.14634146,0
11,20/04/2018 18:09:15,64.14634146,0
11,20/04/2018 18:10:14,64.26829268,0
11,20/04/2018 18:11:15,64.14634146,0
11,20/04/2018 18:12:15,64.26829268,0
11,20/04/2018 18:13:14,64.14634146,0
11,20/04/2018 18:14:14,64.14634146,0
11,20/04/2018 18:15:14,64.14634146,0
11,20/04/2018 18:16:14,64.26829268,0
11,20/04/2018 18:17:14,64.14634146,0
11,20/04/2018 18:18:14,64.26829268,0
11,20/04/2018 18:19:14,64.14634146,0
11,20/04/2018 18:20:15,64.14634146,0
11,20/04/2018 18:21:14,64.02439024,0
11,20/04/2018 18:22:14,64.02439024,0
11,20/04/2018 18:23:14,64.14634146,0
11,20/04/2018 18:24:14,64.14634146,0
11,20/04/2018 18:25:15,64.26829268,0
11,20/04/2018 18:26:14,64.14634146,0
11,20/04/2018 18:27:15,64.02439024,0
11,20/04/2018 18:28:14,64.14634146,0
11,20/04/2018 18:29:14,64.14634146,0
11,20/04/2018 18:30:15,64.02439024,0
11,20/04/2018 18:31:15,64.02439024,0
11,20/04/2018 18:32:14,64.02439024,0
11,20/04/2018 18:33:14,64.14634146,0
11,20/04/2018 18:34:15,64.02439024,0
11,20/04/2018 18:35:15,64.02439024,0
11,20/04/2018 18:36:14,63.90243902,0
11,20/04/2018 18:37:14,63.90243902,0
11,20/04/2018 18:38:15,64.02439024,0
11,20/04/2018 18:39:15,64.02439024,0
11,20/04/2018 18:40:14,64.02439024,0
11,20/04/2018 18:41:14,64.02439024,0
11,20/04/2018 18:42:15,63.90243902,0
11,20/04/2018 18:43:15,64.02439024,0
11,20/04/2018 18:44:15,63.90243902,0
11,20/04/2018 18:45:14,63.90243902,0
11,20/04/2018 18:46:14,63.90243902,0
11,20/04/2018 18:47:14,64.02439024,0
11,20/04/2018 18:48:15,64.02439024,0
11,20/04/2018 18:49:15,63.90243902,0
11,20/04/2018 18:50:15,63.90243902,0
11,20/04/2018 18:51:15,64.02439024,0
11,20/04/2018 18:52:15,63.90243902,0
11,20/04/2018 18:53:15,63.7804878,0
11,20/04/2018 18:54:15,63.90243902,0
11,20/04/2018 18:55:14,63.90243902,0
11,20/04/2018 18:56:15,63.90243902,0
11,20/04/2018 18:57:15,63.7804878,0
11,20/04/2018 18:58:14,63.7804878,0
11,20/04/2018 18:59:14,63.7804878,0
11,20/04/2018 19:00:14,63.7804878,0
11,20/04/2018 19:01:14,63.7804878,0
11,20/04/2018 19:02:15,63.7804878,0
11,20/04/2018 19:03:15,63.7804878,0
11,20/04/2018 19:04:15,63.7804878,0
11,20/04/2018 19:05:14,63.7804878,0
11,20/04/2018 19:06:15,63.7804878,0
11,20/04/2018 19:07:15,63.7804878,0
11,20/04/2018 19:08:15,63.7804878,0
11,20/04/2018 19:09:14,63.7804878,0
11,20/04/2018 19:10:14,63.65853659,0
11,20/04/2018 19:11:15,63.65853659,0
11,20/04/2018 19:12:15,63.65853659,0
11,20/04/2018 19:13:15,63.7804878,0
11,20/04/2018 19:14:15,63.65853659,0
11,20/04/2018 19:15:15,63.65853659,0
11,20/04/2018 19:16:15,63.65853659,0
11,20/04/2018 19:17:14,63.65853659,0
11,20/04/2018 19:18:15,63.65853659,0
11,20/04/2018 19:19:15,63.65853659,0
11,20/04/2018 19:20:15,63.65853659,0
11,20/04/2018 19:21:15,63.7804878,0
11,20/04/2018 19:22:15,63.65853659,0
11,20/04/2018 19:23:15,63.7804878,0
11,20/04/2018 19:24:15,63.65853659,0
11,20/04/2018 19:25:15,63.53658537,0
11,20/04/2018 19:26:15,63.65853659,0
11,20/04/2018 19:27:15,63.53658537,0
11,20/04/2018 19:28:14,63.53658537,0
11,20/04/2018 19:29:15,63.53658537,0
11,20/04/2018 19:30:15,63.65853659,0
11,20/04/2018 19:31:15,63.65853659,0
11,20/04/2018 19:32:15,63.53658537,0
11,20/04/2018 19:33:15,63.65853659,0
11,20/04/2018 19:34:15,63.41463415,0
11,20/04/2018 19:35:15,63.41463415,0
11,20/04/2018 19:36:15,63.53658537,0
11,20/04/2018 19:37:15,63.41463415,0
11,20/04/2018 19:38:15,63.53658537,0
11,20/04/2018 19:39:15,63.53658537,0
11,20/04/2018 19:40:16,63.41463415,0
11,20/04/2018 19:41:15,63.41463415,0
11,20/04/2018 19:42:16,63.53658537,0
11,20/04/2018 19:43:16,63.53658537,0
11,20/04/2018 19:44:15,63.41463415,0
11,20/04/2018 19:45:16,63.53658537,0
11,20/04/2018 19:46:16,63.41463415,0
11,20/04/2018 19:47:15,63.41463415,0
11,20/04/2018 19:48:16,63.41463415,0
11,20/04/2018 19:49:15,63.41463415,0
11,20/04/2018 19:50:15,63.29268293,0
11,20/04/2018 19:51:16,63.41463415,0
11,20/04/2018 19:52:15,63.41463415,0
11,20/04/2018 19:53:15,63.29268293,0
11,20/04/2018 19:54:16,63.29268293,0
11,20/04/2018 19:55:16,63.29268293,0
11,20/04/2018 19:56:15,63.29268293,0
11,20/04/2018 19:57:15,63.41463415,0
11,20/04/2018 19:58:15,63.29268293,0
11,20/04/2018 19:59:16,63.29268293,0
11,20/04/2018 20:00:16,63.29268293,0
11,20/04/2018 20:01:15,63.41463415,0
11,20/04/2018 20:02:15,63.41463415,0
11,20/04/2018 20:03:16,63.29268293,0
11,20/04/2018 20:04:16,63.41463415,0
11,20/04/2018 20:05:15,63.41463415,0
11,20/04/2018 20:06:16,63.29268293,0
11,20/04/2018 20:07:16,63.29268293,0
11,20/04/2018 20:08:16,63.17073171,0
11,20/04/2018 20:09:15,63.17073171,0
11,20/04/2018 20:10:15,63.29268293,0
11,20/04/2018 20:11:15,63.29268293,0
11,20/04/2018 20:12:15,63.17073171,0
11,20/04/2018 20:13:15,63.17073171,0
11,20/04/2018 20:14:15,63.17073171,0
11,20/04/2018 20:15:16,63.17073171,0
11,20/04/2018 20:16:16,63.17073171,0
11,20/04/2018 20:17:15,63.17073171,0
11,20/04/2018 20:18:15,63.29268293,0
11,20/04/2018 20:19:15,63.17073171,0
11,20/04/2018 20:20:15,63.17073171,0
11,20/04/2018 20:21:15,63.17073171,0
11,20/04/2018 20:22:15,63.04878049,0
11,20/04/2018 20:23:15,63.17073171,0
11,20/04/2018 20:24:15,63.04878049,0
11,20/04/2018 20:25:15,63.17073171,0
11,20/04/2018 20:26:15,63.04878049,0
11,20/04/2018 20:27:16,63.04878049,0
11,20/04/2018 20:28:16,63.17073171,0
11,20/04/2018 20:29:16,63.17073171,0
11,20/04/2018 20:30:16,63.04878049,0
11,20/04/2018 20:31:16,63.17073171,0
11,20/04/2018 20:32:16,63.04878049,0
11,20/04/2018 20:33:16,63.04878049,0
11,20/04/2018 20:34:16,62.92682927,0
11,20/04/2018 20:35:16,63.17073171,0
11,20/04/2018 20:36:15,63.04878049,0
11,20/04/2018 20:37:16,63.17073171,0
11,20/04/2018 20:38:15,62.92682927,0
11,20/04/2018 20:39:15,62.92682927,0
11,20/04/2018 20:40:16,62.92682927,0
11,20/04/2018 20:41:16,62.92682927,0
11,20/04/2018 20:42:15,62.92682927,0
11,20/04/2018 20:43:16,62.92682927,0
11,20/04/2018 20:44:16,63.04878049,0
11,20/04/2018 20:45:16,62.92682927,0
11,20/04/2018 20:46:16,62.92682927,0
11,20/04/2018 20:47:16,63.04878049,0
11,20/04/2018 20:48:16,62.92682927,0
11,20/04/2018 20:49:16,62.80487805,0
11,20/04/2018 20:50:16,63.04878049,0
11,20/04/2018 20:51:15,63.04878049,0
11,20/04/2018 20:52:16,62.92682927,0
11,20/04/2018 20:53:16,62.80487805,0
11,20/04/2018 20:54:16,62.80487805,0
11,20/04/2018 20:55:16,62.92682927,0
11,20/04/2018 20:56:16,62.80487805,0
11,20/04/2018 20:57:16,62.80487805,0
11,20/04/2018 20:58:16,62.80487805,0
11,20/04/2018 20:59:16,62.80487805,0
11,20/04/2018 21:00:16,62.92682927,0
11,20/04/2018 21:01:16,62.80487805,0
11,20/04/2018 21:02:16,62.80487805,0
11,20/04/2018 21:03:16,62.80487805,0
11,20/04/2018 21:04:16,62.80487805,0
11,20/04/2018 21:05:16,62.80487805,0
11,20/04/2018 21:06:16,62.68292683,0
11,20/04/2018 21:07:16,62.80487805,0
11,20/04/2018 21:08:16,62.80487805,0
11,20/04/2018 21:09:17,62.68292683,0
11,20/04/2018 21:10:16,62.80487805,0
11,20/04/2018 21:11:16,62.80487805,0
11,20/04/2018 21:12:16,62.80487805,0
11,20/04/2018 21:13:16,62.68292683,0
11,20/04/2018 21:14:16,62.68292683,0
11,20/04/2018 21:15:17,62.68292683,0
11,20/04/2018 21:16:16,62.68292683,0
11,20/04/2018 21:17:17,62.68292683,0
11,20/04/2018 21:18:16,62.68292683,0
11,20/04/2018 21:19:16,62.80487805,0
11,20/04/2018 21:20:17,62.80487805,0
11,20/04/2018 21:21:16,62.68292683,0
11,20/04/2018 21:22:17,62.68292683,0
11,20/04/2018 21:23:17,62.56097561,0
11,20/04/2018 21:24:16,62.68292683,0
11,20/04/2018 21:25:16,62.56097561,0
11,20/04/2018 21:26:17,62.56097561,0
11,20/04/2018 21:27:16,62.56097561,0
11,20/04/2018 21:28:16,62.68292683,0
11,20/04/2018 21:29:16,62.56097561,0
11,20/04/2018 21:30:17,62.56097561,0
11,20/04/2018 21:31:17,62.68292683,0
11,20/04/2018 21:32:17,62.68292683,0
11,20/04/2018 21:33:16,62.68292683,0
11,20/04/2018 21:34:16,62.56097561,0
11,20/04/2018 21:35:17,62.43902439,0
11,20/04/2018 21:36:17,62.43902439,0
11,20/04/2018 21:37:17,62.56097561,0
11,20/04/2018 21:38:16,62.43902439,0
11,20/04/2018 21:39:17,62.43902439,0
11,20/04/2018 21:40:16,62.43902439,0
11,20/04/2018 21:41:16,62.56097561,0
11,20/04/2018 21:42:16,62.43902439,0
11,20/04/2018 21:43:16,62.56097561,0
11,20/04/2018 21:44:16,62.43902439,0
11,20/04/2018 21:45:16,62.43902439,0
11,20/04/2018 21:46:16,62.43902439,0
11,20/04/2018 21:47:17,62.43902439,0
11,20/04/2018 21:48:16,62.43902439,0
11,20/04/2018 21:49:17,62.43902439,0
11,20/04/2018 21:50:16,62.31707317,0
11,20/04/2018 21:51:16,62.31707317,0
11,20/04/2018 21:52:16,62.43902439,0
11,20/04/2018 21:53:17,62.43902439,0
11,20/04/2018 21:54:17,62.31707317,0
11,20/04/2018 21:55:16,62.43902439,0
11,20/04/2018 21:56:16,62.43902439,0
11,20/04/2018 21:57:17,62.31707317,0
11,20/04/2018 21:58:17,62.43902439,0
11,20/04/2018 21:59:16,62.31707317,0
11,20/04/2018 22:00:17,62.31707317,0
11,20/04/2018 22:01:17,62.43902439,0
11,20/04/2018 22:02:17,62.31707317,0
11,20/04/2018 22:03:16,62.19512195,0
11,20/04/2018 22:04:16,62.19512195,0
11,20/04/2018 22:05:16,62.19512195,0
11,20/04/2018 22:06:17,62.31707317,0
11,20/04/2018 22:07:17,62.19512195,0
11,20/04/2018 22:08:17,62.19512195,0
11,20/04/2018 22:09:16,62.31707317,0
11,20/04/2018 22:10:17,62.19512195,0
11,20/04/2018 22:11:17,62.31707317,0
11,20/04/2018 22:12:17,62.31707317,0
11,20/04/2018 22:13:17,62.19512195,0
11,20/04/2018 22:14:17,62.19512195,0
11,20/04/2018 22:15:18,62.31707317,0
11,20/04/2018 22:16:17,62.19512195,0
11,20/04/2018 22:17:17,62.19512195,0
11,20/04/2018 22:18:17,62.19512195,0
11,20/04/2018 22:19:17,62.19512195,0
11,20/04/2018 22:20:17,62.07317073,0
11,20/04/2018 22:21:17,62.19512195,0
11,20/04/2018 22:22:17,62.07317073,0
11,20/04/2018 22:23:17,62.19512195,0
11,20/04/2018 22:24:17,62.07317073,0
11,20/04/2018 22:25:17,62.07317073,0
11,20/04/2018 22:26:17,62.07317073,0
11,20/04/2018 22:27:18,62.07317073,0
11,20/04/2018 22:28:17,62.19512195,0
11,20/04/2018 22:29:17,62.07317073,0
11,20/04/2018 22:30:17,62.07317073,0
11,20/04/2018 22:31:17,62.19512195,0
11,20/04/2018 22:32:17,61.95121951,0
11,20/04/2018 22:33:17,62.07317073,0
11,20/04/2018 22:34:18,62.07317073,0
11,20/04/2018 22:35:17,62.07317073,0
11,20/04/2018 22:36:18,61.95121951,0
11,20/04/2018 22:37:17,62.07317073,0
11,20/04/2018 22:38:17,62.07317073,0
11,20/04/2018 22:39:17,62.07317073,0
11,20/04/2018 22:40:17,62.07317073,0
11,20/04/2018 22:41:18,61.95121951,0
11,20/04/2018 22:42:17,61.95121951,0
11,20/04/2018 22:43:17,62.07317073,0
11,20/04/2018 22:44:17,61.95121951,0
11,20/04/2018 22:45:17,61.95121951,0
11,20/04/2018 22:46:17,61.95121951,0
11,20/04/2018 22:47:17,62.07317073,0
11,20/04/2018 22:48:17,61.95121951,0
11,20/04/2018 22:49:17,61.95121951,0
11,20/04/2018 22:50:17,61.82926829,0
11,20/04/2018 22:51:17,61.95121951,0
11,20/04/2018 22:52:17,61.82926829,0
11,20/04/2018 22:53:17,61.82926829,0
11,20/04/2018 22:54:18,61.95121951,0
11,20/04/2018 22:55:17,61.82926829,0
11,20/04/2018 22:56:17,61.82926829,0
11,20/04/2018 22:57:18,61.82926829,0
11,20/04/2018 22:58:18,61.82926829,0
11,20/04/2018 22:59:18,61.82926829,0
11,20/04/2018 23:00:17,61.95121951,0
11,20/04/2018 23:01:18,61.82926829,0
11,20/04/2018 23:02:18,61.82926829,0
11,20/04/2018 23:03:17,61.82926829,0
11,20/04/2018 23:04:17,61.82926829,0
11,20/04/2018 23:05:17,61.82926829,0
11,20/04/2018 23:06:18,61.70731707,0
11,20/04/2018 23:07:17,61.82926829,0
11,20/04/2018 23:08:17,61.70731707,0
11,20/04/2018 23:09:18,61.82926829,0
11,20/04/2018 23:10:18,61.70731707,0
11,20/04/2018 23:11:18,61.70731707,0
11,20/04/2018 23:12:18,61.70731707,0
11,20/04/2018 23:13:17,61.70731707,0
11,20/04/2018 23:14:17,61.70731707,0
11,20/04/2018 23:15:17,61.82926829,0
11,20/04/2018 23:16:17,61.70731707,0
11,20/04/2018 23:17:18,61.58536585,0
11,20/04/2018 23:18:18,61.58536585,0
11,20/04/2018 23:19:18,61.70731707,0
11,20/04/2018 23:20:17,61.58536585,0
11,20/04/2018 23:21:18,61.58536585,0
11,20/04/2018 23:22:18,61.70731707,0
11,20/04/2018 23:23:18,61.70731707,0
11,20/04/2018 23:24:17,61.70731707,0
11,20/04/2018 23:25:17,61.58536585,0
11,20/04/2018 23:26:18,61.70731707,0
11,20/04/2018 23:27:18,61.58536585,0
11,20/04/2018 23:28:18,61.70731707,0
11,20/04/2018 23:29:18,61.58536585,0
11,20/04/2018 23:30:17,61.58536585,0
11,20/04/2018 23:31:18,61.46341463,0
11,20/04/2018 23:32:18,61.58536585,0
11,20/04/2018 23:33:18,61.58536585,0
11,20/04/2018 23:34:18,61.46341463,0
11,20/04/2018 23:35:18,61.46341463,0
11,20/04/2018 23:36:18,61.46341463,0
11,20/04/2018 23:37:18,61.46341463,0
11,20/04/2018 23:38:18,61.46341463,0
11,20/04/2018 23:39:18,61.58536585,0
11,20/04/2018 23:40:18,61.58536585,0
11,20/04/2018 23:41:18,61.46341463,0
11,20/04/2018 23:42:19,61.46341463,0
11,20/04/2018 23:43:18,61.46341463,0
11,20/04/2018 23:44:18,61.46341463,0
11,20/04/2018 23:45:18,61.46341463,0
11,20/04/2018 23:46:18,61.34146341,0
11,20/04/2018 23:47:18,61.34146341,0
11,20/04/2018 23:48:18,61.46341463,0
11,20/04/2018 23:49:19,61.46341463,0
11,20/04/2018 23:50:18,61.34146341,0
11,20/04/2018 23:51:18,61.46341463,0
11,20/04/2018 23:52:18,61.34146341,0
11,20/04/2018 23:53:19,61.34146341,0
11,20/04/2018 23:54:18,61.34146341,0
11,20/04/2018 23:55:19,61.34146341,0
11,20/04/2018 23:56:18,61.34146341,0
11,20/04/2018 23:57:17,61.2195122,0
11,20/04/2018 23:58:18,61.34146341,0
11,20/04/2018 23:59:18,61.34146341,0
